chunk_id,doc_id,country,reason
USA_National_AI_RD_Strategic_Plan_2023_chunk_2,USA_National_AI_RD_Strategic_Plan_2023,United States,non_alpha_ratio=0.41
USA_National_AI_RD_Strategic_Plan_2023_chunk_3,USA_National_AI_RD_Strategic_Plan_2023,United States,non_alpha_ratio=0.60
EU_AI_Act_Regulation_2024_1689_chunk_180,EU_AI_Act_Regulation_2024_1689,European Union,non_alpha_ratio=0.24
EU_AI_Act_Regulation_2024_1689_chunk_181,EU_AI_Act_Regulation_2024_1689,European Union,non_alpha_ratio=0.27
EU_AI_Act_Regulation_2024_1689_chunk_182,EU_AI_Act_Regulation_2024_1689,European Union,non_alpha_ratio=0.20
EU_AI_Act_Regulation_2024_1689_chunk_186,EU_AI_Act_Regulation_2024_1689,European Union,non_alpha_ratio=0.21
EU_AI_Act_Regulation_2024_1689_chunk_187,EU_AI_Act_Regulation_2024_1689,European Union,non_alpha_ratio=0.28
EU_AI_Act_Regulation_2024_1689_chunk_199,EU_AI_Act_Regulation_2024_1689,European Union,non_alpha_ratio=0.23
UK_National_AI_Strategy_2021_chunk_1,UK_National_AI_Strategy_2021,United Kingdom,avg_word_len=22.44 (>12)
UK_National_AI_Strategy_2021_chunk_2,UK_National_AI_Strategy_2021,United Kingdom,avg_word_len=27.06 (>12)
UK_National_AI_Strategy_2021_chunk_3,UK_National_AI_Strategy_2021,United Kingdom,avg_word_len=32.34 (>12)
UK_National_AI_Strategy_2021_chunk_4,UK_National_AI_Strategy_2021,United Kingdom,avg_word_len=35.40 (>12)
UK_National_AI_Strategy_2021_chunk_5,UK_National_AI_Strategy_2021,United Kingdom,avg_word_len=30.40 (>12)
UK_National_AI_Strategy_2021_chunk_6,UK_National_AI_Strategy_2021,United Kingdom,avg_word_len=32.40 (>12)
UK_National_AI_Strategy_2021_chunk_7,UK_National_AI_Strategy_2021,United Kingdom,avg_word_len=30.63 (>12)
UK_National_AI_Strategy_2021_chunk_8,UK_National_AI_Strategy_2021,United Kingdom,avg_word_len=32.51 (>12)
UK_National_AI_Strategy_2021_chunk_9,UK_National_AI_Strategy_2021,United Kingdom,avg_word_len=21.70 (>12)
UK_AI_Opportunities_Action_Plan_2025_chunk_0,UK_AI_Opportunities_Action_Plan_2025,United Kingdom,non_alpha_ratio=0.23
Germany_AI_Strategy_Update_2023_chunk_1,Germany_AI_Strategy_Update_2023,Germany,non_alpha_ratio=0.32
Singapore_Model_AI_Governance_Framework_2020_chunk_0,Singapore_Model_AI_Governance_Framework_2020,Singapore,non_alpha_ratio=0.33
India_National_AI_Strategy_2021_chunk_82,India_National_AI_Strategy_2021,India,avg_word_len=1.57 (<2.5)
India_National_AI_Strategy_2021_chunk_84,India_National_AI_Strategy_2021,India,avg_word_len=2.10 (<2.5)
India_National_AI_Strategy_2021_chunk_89,India_National_AI_Strategy_2021,India,avg_word_len=1.39 (<2.5)
Australia_AI_Ethics_Framework_2019_chunk_10,Australia_AI_Ethics_Framework_2019,Australia,non_alpha_ratio=0.58
Kenya_National_AI_Strategy_Draft_2025_chunk_0,Kenya_National_AI_Strategy_Draft_2025,Kenya,non_alpha_ratio=0.51
Kenya_National_AI_Strategy_Draft_2025_chunk_1,Kenya_National_AI_Strategy_Draft_2025,Kenya,non_alpha_ratio=0.44
Kenya_National_AI_Strategy_Draft_2025_chunk_2,Kenya_National_AI_Strategy_Draft_2025,Kenya,utf8_replacement_chars
Kenya_National_AI_Strategy_Draft_2025_chunk_46,Kenya_National_AI_Strategy_Draft_2025,Kenya,reversed_text_score=0.45
Kenya_National_AI_Strategy_Draft_2025_chunk_47,Kenya_National_AI_Strategy_Draft_2025,Kenya,reversed_text_score=0.52
Kenya_National_AI_Strategy_Draft_2025_chunk_48,Kenya_National_AI_Strategy_Draft_2025,Kenya,reversed_text_score=0.62
Kenya_National_AI_Strategy_Draft_2025_chunk_49,Kenya_National_AI_Strategy_Draft_2025,Kenya,reversed_text_score=0.57
Kenya_National_AI_Strategy_Draft_2025_chunk_50,Kenya_National_AI_Strategy_Draft_2025,Kenya,reversed_text_score=0.65
Kenya_National_AI_Strategy_Draft_2025_chunk_51,Kenya_National_AI_Strategy_Draft_2025,Kenya,reversed_text_score=0.64
Egypt_National_AI_Strategy_2021_chunk_10,Egypt_National_AI_Strategy_2021,Egypt,non_alpha_ratio=0.27
Egypt_National_AI_Strategy_2021_chunk_52,Egypt_National_AI_Strategy_2021,Egypt,non_alpha_ratio=0.24
SouthAfrica_National_AI_Policy_Framework_2023_chunk_0,SouthAfrica_National_AI_Policy_Framework_2023,South Africa,non_alpha_ratio=0.46
AfricanUnion_Continental_AI_Strategy_2024_chunk_5,AfricanUnion_Continental_AI_Strategy_2024,African Union,non_alpha_ratio=0.60
AfricanUnion_Continental_AI_Strategy_2024_chunk_6,AfricanUnion_Continental_AI_Strategy_2024,African Union,non_alpha_ratio=0.30
ASEAN_Expanded_Guide_AI_Governance_GenAI_2025_chunk_0,ASEAN_Expanded_Guide_AI_Governance_GenAI_2025,ASEAN,al_as_ai_ratio=0.05
ASEAN_Expanded_Guide_AI_Governance_GenAI_2025_chunk_2,ASEAN_Expanded_Guide_AI_Governance_GenAI_2025,ASEAN,al_as_ai_ratio=0.05
ASEAN_Expanded_Guide_AI_Governance_GenAI_2025_chunk_3,ASEAN_Expanded_Guide_AI_Governance_GenAI_2025,ASEAN,al_as_ai_ratio=0.04
ASEAN_Expanded_Guide_AI_Governance_GenAI_2025_chunk_5,ASEAN_Expanded_Guide_AI_Governance_GenAI_2025,ASEAN,al_as_ai_ratio=0.04
ASEAN_Expanded_Guide_AI_Governance_GenAI_2025_chunk_8,ASEAN_Expanded_Guide_AI_Governance_GenAI_2025,ASEAN,al_as_ai_ratio=0.05
ASEAN_Expanded_Guide_AI_Governance_GenAI_2025_chunk_31,ASEAN_Expanded_Guide_AI_Governance_GenAI_2025,ASEAN,al_as_ai_ratio=0.05
