academic_topic_id,academic_topic_label,academic_top10_keywords,best_match_policy_topic_id,best_match_policy_label,best_match_similarity,policy_top10_keywords
183,UAV & Drone Governance,"uavs, uav, attack, aerial vehicle, unmanned aerial, drone, unmanned, aerial, flight, vehicle",1,AI Governance Frameworks (ASEAN/Singapore/NIST),0.4195,"ai, model, governance, risk, data, consider, organisations, deployers, risks, systems"
42,AI Accessibility & Disability Inclusion,"disability, disabled, people, student disability, education, special, student, inclusive, accessibility, teacher",1,AI Governance Frameworks (ASEAN/Singapore/NIST),0.4296,"ai, model, governance, risk, data, consider, organisations, deployers, risks, systems"
8,"AI, Journalism & Media","journalism, news, journalist, medium, journalistic, content, artificial intelligence, artificial, intelligence, news medium",15,Generative AI Content Safety & Provenance,0.4522,"content, generative ai, generative, model, provenance, ai, safety, models, generated, content provenance"
124,AI Research Landscape (Bibliometrics),"topic, citation, publication, bibliometric, paper, collaboration, field, author, scientific, science",8,International AI Policy Principles (OECD/Multi-country),0.4597,"ai, policy, development, international, oecd, national, research, governance, systems, ai systems"
168,Digital Transformation & AI Adoption,"digital transformation, transformation, digital, business, company, innovation, digital technology, corporate digital, technology, manufacturing",1,AI Governance Frameworks (ASEAN/Singapore/NIST),0.4721,"ai, model, governance, risk, data, consider, organisations, deployers, risks, systems"
114,Generative AI & Creative Ethics,"art, creative, design, creativity, image, human, artistic, visual, generative, aesthetic",15,Generative AI Content Safety & Provenance,0.4747,"content, generative ai, generative, model, provenance, ai, safety, models, generated, content provenance"
17,AI Ethics from Islamic/Religious Perspective,"religious, islamic, religion, spiritual, intelligence, human, artificial intelligence, artificial, ethical, technology",8,International AI Policy Principles (OECD/Multi-country),0.4883,"ai, policy, development, international, oecd, national, research, governance, systems, ai systems"
15,Predictive Policing & Criminal Justice AI,"crime, violence, police, offender, sexual, abuse, criminal, predictive, prediction, risk",1,AI Governance Frameworks (ASEAN/Singapore/NIST),0.4919,"ai, model, governance, risk, data, consider, organisations, deployers, risks, systems"
35,Gender Bias & AI Representation,"gender, bias, stereotype, woman, gender bias, female, gendered, male, representation, artificial",8,International AI Policy Principles (OECD/Multi-country),0.4978,"ai, policy, development, international, oecd, national, research, governance, systems, ai systems"
